title;abstract;year;journal;type;author;;
Design and Implementation Data Warehouse in Insurance Company;Insurance company are certainly has a rich of data from their business process. One of the data is related to business process sales. From this sales data can be used to analyze the condition of a company whether the condition of the company is in a good condition or not. The purpose of this research is to develop a technique to analyze this data from the company. The method used to implement the data analysis in this paper is to design a data warehouse. Use ninestep methodology as the method for design data warehouse and Pentaho as a tool for ETL (Extract, Transform, Load), OLAP analysis and reporting data, the results of this research concluded that the implementation of data warehouse for perform data analysis and reporting better and more effective.;2019;"Journal of Physics:
Conference Series";Journal;Ryan Ari Setyawan, Eko Prasetyo and Abba Suganda Girsang;;
Good practices for clinical data warehouse implementation: A case study in France;Real-world data (RWD) bears great promises to improve the quality of care. However, specific infrastructures and methodologies are required to derive robust knowledge and brings innovations to the patient. Drawing upon the national case study of the 32 French regional and university hospitals governance, we highlight key aspects of modern clinical data warehouses (CDWs): governance, transparency, types of data, data reuse, technical tools, documentation, and data quality control processes. Semi-structured interviews as well as a review of reported studies on French CDWs were conducted in a semi-structured manner from March to November 2022. Out of 32 regional and university hospitals in France, 14 have a CDW in production, 5 are experimenting, 5 have a prospective CDW project, 8 did not have any CDW project at the time of writing. The implementation of CDW in France dates from 2011 and accelerated in the late 2020. From this case study, we draw some general guidelines for CDWs. The actual orientation of CDWs towards research requires efforts in governance stabilization, standardization of data schema, and development in data quality and data documentation. Particular attention must be paid to the sustainability of the warehouse teams and to the multilevel governance. The transparency of the studies and the tools of transformation of the data must improve to allow successful multicentric data reuses as well as innovations in routine care;2023;PLOS Digital Health;Journal;Matthieu DoutreligneI, Adeline Degremont, Pierre-Alain Jachiet, Antoine Lamer, Xavier Tannier;;
Enterprise Data warehouse and Business Intelligence Solution;The National Bank of Rwanda is mandated by the Government of Rwanda to supervise, regulate and implement monetary and economic policies that link to a significant number of external stakeholders/agencies. Based on analysis of field data collected through interviews, this research analyzed the implemented data warehouse and business intelligence solution compared to the old method of manual reporting. The findings show that the old method of manual reporting had many challenges like data integrity, costs involved in manual tasks, time consuming for economic decision making. There are many benefits of the implemented enterprise data warehouse and business intelligence solution such as getting complete data in near real-time for economic decision making, improved timelines, enhanced data quality, improved efficiencies of processes, and reduced costs.;2018;International Conference on Theory and Practice of Electronic Governance (ICEGOV);Conference;Erika Bagambiki;;
On construction of a big data warehouse accessing platform for campus power usages;With the emerging of the Internet of Things (IoT) technology, we can analyze and real-time monitoring the power consumption data of buildings or equipment. However, over time, many power data will accumulate to even the terabyte level. Traditional data processing techniques will not handle. It is a challenge to monitor and process the data in a reasonable time. In this paper, we construct an efficient and real-time power monitoring platform, based on open source techniques. The power-data of buildings or equipment is provided through smart meters equipped inside campus buildings. The technologies of data collected and stored on the server side were handled by the Hadoop ecosystem and the data process to Hive data warehouse is executed by the Spark. On the particulars of system evaluation, we make some experiments to compare with the performance of record query, use three different technologies separately: Apache Hive, Apache Spark, and Impala had been evaluated regarding query-response performance. Moreover, for the performance estimation on the data ETL processing and SQL functions. The relevant experiments have been conducted on the same three software modules as well.;2019;Journal of Parallel and Distributed Computing;Journal;Chih-Hung Chang, Fuu-Cheng Jiang, Chao-Tung Yang, Sheng-Cang Chou;;
Building an Effective Data Warehousing for Financial Sector;This article presents the implementation process of a Data Warehouse and a multidimensional analysis of business data for a holding company in the financial sector. The goal is to create a business intelligence system that, in a simple, quick but also versatile way, allows the access to updated, aggregated, real and/or projected information, regarding bank account balances. The established system extracts and processes the operational database information which supports cash management information by using Integration Services and Analysis Services tools from Microsoft SQL Server. The end-user interface is a pivot table, properly arranged to explore the information available by the produced cube. The results have shown that the adoption of online analytical processing cubes offers better performance and provides a more automated and robust process to analyze current and provisional aggregated financial data balances compared to the current process based on static reports built from transactional databases.;2017;Automatic Control and Information Sciences;Journal;José Ferreira, Fernando Almeida, José Monteiro;;
DATA WAREHOUSE DESIGN WITH KIMBALL METHOD: CASE STUDY OF FARHRENHEIT MANUFACTURING SYSTEMS;Competition in the business world that increasingly stringent requires management to make decisions accurately and quickly. It is also felt by Farhenheit as entrepreneurs. To achieve thier forte in competing in the global competition, he needs systems like strategic decision makers which is up-to-date reliable and fast. Then the solution of area manufatur datawarehouse design is necessary to support the above objectives,i.e. : the right and fast decisions. However, Fahrenheit only has ERP as their core system currently and they do not have management support system. They have some difficulty to understand some problems and do better analysis. There are some datawarehouse development methodologies. Methods that will be used for the development of datawarehouse design is Kimball Method. Kimball method was chosen because of its development process that follows the business process is very suitable for the development of datawarehouse gradually to a company. Kimball's method gives a mart for the related business processes.This study is conducted by interview and survey from several senior managers and directors in Fahrenheit to know about their requirement and how they do analyzesis currently;2026;ComTech Computer Mathematics and Engineering Applications;Journal;Widianty;;
The Hannover Medical School enterprise clinical research data warehouse: 5 years of experience;The reuse of routine healthcare data for research purposes is challenging not only because of the volume of the data but also because of the variety of clinical information systems. A data warehouse based approach enables researchers to use heterogeneous data sets by consolidating and aggregating data from various sources. This paper presents the Enterprise Clinical Research Data Warehouse (ECRDW) of the Hannover Medical School (MHH). ECRDW has been developed since 2011 using the Microsoft SQL Server Data Warehouse and Business Intelligence technology and operates since 2013 as an interdisciplinary platform for research relevant questions at the MHH. ECRDW incrementally integrates heterogeneous data sources and currently contains (as of 8/2018) data of more than 2,1 million distinct patients with more than 500 million single data points (diagnoses, lab results, vital signs, medical records, as well as metadata to linked data, e.g. biospecimen or images).;2018;International Journal of Medical Informatics (IJMI);Journal;Svetlana Gerbel, Hans Laser, Norman Schönfeld & Tobias Rassmann ;;
Data warehouse capability maturity model assessment for efficient monitoring process: a case study in National Narcotics Board;Data Warehouse/Business Intelligence nowadays has become a necessity for every organization. Data analysis supports in making decisions and policies. The problem is the data warehouse management process, both related to ETL, data modelling, and data architecture, which results in the non-optimal and inefficient dashboard that wastes energy, as a data monitoring tool in displaying important information needed by the organization. This research was conducted by providing an assessment to the working group team in the data warehouse section using the Spruit & Sacu Data Warehouse Capability Maturity Model (DWCMM) to measure the maturity of the data warehouse at the National Narcotics Board. The results showed that the DWCMM maturity level is at the repeatable level. From the measurement results, it can be seen that the worst Data Warehouse category is in the Service Processes component, so that many improvements need to be made to increase the DWCMM maturity level. As a recommendation, it is necessary to design a virtual integrated Data Warehouse architecture that has real-time updates, data quality system, automatic synchronization of data modelling, standardization of metadata, real-time ETL monitoring management, closed-loop and BI real-time BI application, and improves the development process and process services in the management of Data Warehouse/BI at the National Narcotics Board to become more efficient.;2022;"IOP Conference Series:
Earth and
Environmental Science";Conference;Fahmi, A N Hidayanto, Solikin, H S Indriany, A Prastya and S F Mardiansyah;;
Framework for a hospitality big data warehouse: The implementation of an efficient hospitality business intelligence system;In order to increase the hotel's competitiveness, to maximize its revenue, to meliorate its online reputation and improve customer relationship, the information about the hotel's business has to be managed by adequate information systems (IS). Those IS should be capable of returning knowledge from a necessarily large quantity of information, anticipating and influencing the consumer's behaviour. One way to manage the information is to develop a Big Data Warehouse (BDW), which includes information from internal sources (e.g., Data Warehouse) and external sources (e.g., competitive set and customers' opinions). This paper presents a framework for a Hospitality Big Data Warehouse (HBDW). The framework includes a (1) Web crawler that periodically accesses targeted websites to automatically extract information from them, and a (2) data model to organize and consolidate the collected data into a HBDW. Additionally, the usefulness of this HBDW to the development of the business analytical tools is discussed, keeping in mind the implementation of the business intelligence (BI) concepts.;2017;International Journal of Information Systems in the Service Sector (IJISSS) ;Journal;Célia M.Q. Ramos, Daniel Jorge Martins, Francisco Serra, Roberto Lam, Pedro J.S. Cardoso, Marisol B. Correia, João M.F. Rodrigues;;
Research on the Application of Data Warehouse in Education Evaluation System;As an efficient data management and analysis technology, the data warehouse realizes centralized storage and management of data by integrating data scattered in educational institutions. It can dig out the laws and trends hidden behind the data and provide more accurate and comprehensive data support for educational evaluation. In the educational evaluation system, the application of data warehouses is embodied in data integration and management, multidimensional evaluation, personalized learning support, and educational decision optimization. Through a multidimensional evaluation model, the school can comprehensively evaluate students' academic performance and comprehensive quality and provide strong support for personalized teaching. Data warehouses can also record and analyze students' learning trajectory and provide customized learning materials and exercises for each student, which significantly improves learning efficiency.;2025;International Journal of Cognitive Informatics and Natural Intelligence;Journal;Ying Lv;;
Energy finance data warehouse: Tracking revenues through the power sector;Reliable data is needed to understand financial relationships in the power sector. However, relevant data acquisition and visualization can be a challenge due to the fragmented nature of the power sector. The US DOE and ORNL leveraged a Sankey prototype to elucidate the ‘big picture’ of financial flows to understand the complex relationships between specific actors within the power sector. The continued incorporation of high quality data can improve the fidelity of such an approach and lead to an increasingly detailed understanding of financial relationships in the power sector and their implications for policymakers.;2017;The Electricity Journal;Journal;Claire Zeng, Stephen Hendrickson, Sangkeun Matt Lee, Supriya Chinthavali, Jessica Lin, Eric Hsieh, Mallikarjun Shankar;;
Implementation of Data Warehouse and Star Schema for Optimizing Property Business Decision Making;The property industry is a sector that faces intense competition, so innovation is needed in planning business strategies. PT Wijaya Karya Realty faces several problems, such as determining strategic locations for its property products, namely houses or shophouses, and comparing house prices with market prices for houses in certain locations. To face this problem, it is necessary to implement a data warehouse and Extract, Transform, Load (ETL). This research focuses on implementing Pentaho Data Integration (PDI) as a tool for managing and cleaning data that can be used as analysis material to assist in data-based decision-making. Besides that, Mondrian uses the workbench scheme to improve data analysis effectively, and the star scheme, which includes dimensional tables and fact tables, can help optimize the data analysis process. The research results show that implementing Star Schema can provide information on decision-making and business strategy planning in the property industry.;2024;G-Tech: Jurnal Teknologi Terapan;Journal;;;
The Georges Pompidou University Hospital Clinical Data Warehouse: A 8-years follow-up experience;"Background: When developed jointly with clinical information systems, clinical data warehouses (CDWs) facilitate the reuse of healthcare data and leverage clinical research. Objective: To describe both data access and use for clinical research, epidemiology and health service research of the ""Hôpital Européen Georges Pompidou"" (HEGP) CDW. Methods: The CDW has been developed since 2008 using an i2b2 platform. It was made available to health professionals and researchers in October 2010. Procedures to access data have been implemented and different access levels have been distinguished according to the nature of queries. Results: As of July 2016, the CDW contained the consolidated data of over 860,000 patients followed since the opening of the HEGP hospital in July 2000. These data correspond to more than 122 million clinical item values, 124 million biological item values, and 3.7 million free text reports. The ethics committee of the hospital evaluates all CDW projects that generate secondary data marts. Characteristics of the 74 research projects validated between January 2011 and December 2015 are described. Conclusion: The use of HEGP CDWs is a key facilitator for clinical research studies. It required however important methodological and organizational support efforts from a biomedical informatics department.";2017;International Journal of Medical Informatics;Journal;Anne-Sophie Jannot, Eric Zapletal, Paul Avillach, Marie-France Mamzer, Anita Burgun, Patrice Degoulet;;
INVESTMENT ANALYSIS OF ENTERPRISE DATA WAREHOUSE IMPLEMENTATION WITH IT BALANCED SCORECARD AND INFORMATION ECONOMICS;Along with increasingly competitive business developments, PT Bank Rakyat Indonesia.Tbk requires good and fast data preparation to assist management in making decisions for future business needs. This was then stated in one of the company's grand strategies, namely the Excel Data-driven Organization. To be able to realize this, an investment in the data platform is needed, namely in Enterprise Data Warehouse (EDW). To analyze whether the EDW investment is the right investment, an analysis is using the IT Balanced Scorecard perspective company's contribution and information economics. Based on the analysis of tangible and quasi-tangible value, the initial investment cost of EDW was Rp. 43,990,000,000.00, and the total benefit for 3 years is Rp. 59,190,000,000.00. Based on the value above, the enhanced return on investment (EROI) is 135%. The values obtained for each category in the intangible value analysis are devided into 2, Business domain and Technology domain, then formed the Information Economics Scorecard with a total score of 69 with a scale of 41 - 70 having the title worthy of development. So, the implementation of EDW is an investment that is worth developing, and EDW can provide performance results that can support the overall performance of the company.;2023;Conference: The 6th International Conference on Management of Technology, Innovation, and Project;Conference;Aditya Putra Prasetyo, Tatang A Taufik;;
A data warehouse architecture proposal and ETL analysis: a case study of an Albanian banking system;The increasing phenomenon of information overload is a direct result of the ongoing trend to reduce the cost of data distribution while the development of data processing platforms is not fast enough. Therefore, sending packets of data is not a big issue, but processing an increasing amount of data is a big challenge. Data Warehouse is a concept born in the late ‘80s and has been improved decade after decade with the growth of technology. Despite many application areas, the data warehouse concept is still new and unknown to Albanian businesses and companies with a large amount of data to store and analyze. This paper aims to provide an in-depth analysis of the concept of a data warehouse, the different architectures applied, and the Extract, Transform Load process. The ETL process as a concept consists of extracting the data from a source, transforming them into different formats or dimensions, and then loading them somewhere to be checked for analysis or other purposes. In this paper, we can find different definitions of the data warehouse, where it can be implemented, the different architectures according to the needs of the users, and how the ETL process works.;2023;Global Journal of Computer Sciences Theory and Research;Journal;Denisa Millo,Nevila Baci, Shpresim Tahiraj;;
A Case Study of Success Factors for Data Warehouse Implementation and Adoption in Sales Planning;We present the case of the successful implementation of a data warehouse for support of the sales planning process in an Austrian company. We investigate the factors that contributed to the success of the project. The key findings of this case study are as follows. First, highly-qualified external consultants may compensate insufficient qualification of internal staff. Of particular importance in that case is communication between internal staff and external consultants. Second, user training compensates a lack of (perceived) usability of the software. Resistance of initially overwhelmed users may be overcome through training sessions. Finally, rather than acquire functionality that is not required, companies should ensure customizability of the acquired software, which is often more important than a plethora of features.;2017;AMCIS 2017 Proceedings;Conference;Eva-Maria Hopfgartner,Christoph G. Schuetz, Michael Schrefl;;
Data Warehouse and Interactive Map for Promoting Cultural Heritage in Saudi Arabia Using GIS;With the urbanization of various regions, many historical sites may be misrepresented or totally neglected. As more people move to urban areas with time, heritage areas are being abandoned or ignored. The roads leading to such areas are less maintained, and they are not being adequately promoted. Over the years, the emergence and evolution of digital maps have played a significant role in tourist and cultural exploration and are important sources of information for tourists who are considering specific destinations. In this paper, the authors discuss the development and implementation of a geographic information system (GIS) in the tourism industry. They create an interactive map for tourist sites and suggest a means of retrieving tourist data. They select the Aseer region as a case study since it is rich with deep cultural heritage, comprising almost 4,000 heritage villages, and is considered to be one of the most important tourist destinations in the country. In this paper, the authors propose an initiative for the development and implementation of GIS in the tourism industry.;2022;International Journal of Data Warehousing and Mining;Journal;Nasser Allheeib, Marine Alraqdi, Mohammed Almukaynizi;;
Implementation of data warehouse: An improved data-driven decision-making approach;IT industries or organizations are continuously growing day by day where Data Warehousing Technology plays an important role. A Data Warehouse has the characteristics such as subject-oriented, integrated, time variant, and non-volatile which supports the management to take necessary decisions. Data warehousing can be defined as a data hub or repository, where a huge and large amount of meaningful data are stored. It gives a clear visualization for analysis of the huge data and helps to take the decisions for business growth. Data warehouse stores historical information and makes it simple for business analysts to analyze data. This technology enables analysts to extract and view business data from different sources. Here a discussion has been made about the implementation of Data Warehouse technology. This paper represents a framework regarding how to maintain data in a data warehouse while collecting data from different data sources and making it usable inside a Data Warehouse.;2022;Intelligent and Cloud Computing;Journal;L. S. Abinash Nayak, Kaberi Das, Srilekha Hota, Bharat Jyoti Ranjan Sahu & Deb ahuti Mishra ;;
Easy designing steps of a local data warehouse for possible analytical data processing;Data warehouse (DW) are used in local or global level as per usages. Most of the DW was designed for online purposes targeting the multinational firms. Majority of local firms directly purchase such readymade DW applications for their usages. Customization, maintenance and enhancement are very costly for them. To provide fruitful e-services, the Government departments, academic Institutes, firms, Telemedicine firms etc. need a DW of themselves. Lack of electricity and internet facilities, especially in rural areas, does not motivate citizen to use the benefits of e-services. In this digital world, every local firm is interested in having their DW that may support strategic and decision making for the business. This study highlights the basic technical designing steps of a local DW. It gives several possible solutions that may arise during the design of the process of Extraction Transformation and Loading (ETL). It gives detail steps to develop the dimension table, fact table and loading data. Data analytics normally answers business questions and suggest future solutions.;2019;ADBU Journal of Engineering Technology;Journal;Y. Somananda Singh, Y. Kirani Singh, N. Subadani Devi, Y. Jayanta Singh;;
Re-engineering Enterprises Using Data Warehouse as a Driver and Requirements as an Enabler;Re-engineering is essential for maintaining the competitiveness of enterprises. Enterprise re-engineering involves addressing (emergent) changes, re-organizing, outsourcing, realigning, etc. In this paper, we investigate how to re-engineer enterprises by coupling high-level requirements and the data warehouse, leading to a process re-design that makes the business layer of an enterprise more effective. More specifically, we propose an approach to reasoning about enterprise's strategy together with data mining rules extracted from the data warehouse of the enterprise in order to make design-time changes to its business processes, primarily by means of eliminating redundant tasks and re-ordering inefficiently-located tasks. As such, the redesign is enabled by high-level strategic elements and driven by the enterprise data warehouse. The rationale behind this realignment is to combine yesterday's behavioral facts (i.e., mining enterprise's operational data) with today's operationalization possibilities (e.g., goals), which results in tomorrow's business model. We report our work on the enterprise architecture developed for a retailer of low-cost domestic airfare.;2017;2017 IEEE 21st International Enterprise Distributed Object Computing Conference (EDOC);Conference;Thai-Minh Truong, Lam-Son Lê, Long-Phuoc Tôn;;
Empowering Federal Efficiency: Building an Integrated Maintenance Management System (Imms) Data Warehouse for Holistic Financial And Operational Intelligence;Modernizing federal data infrastructure is critical for enhancing governmental efficiency and decision-making capabilities. An Integrated Maintenance Management System (IMMS) data warehouse emerges as a transformative solution to address the fragmented nature of federal data management, where thousands of disparate systems across agencies create operational silos and impede comprehensive assessment. This comprehensive framework consolidates diverse enterprise data streams encompassing financial, project, asset, workforce, and operational information into a unified analytical platform. The architectural design incorporates multi-layered data processing capabilities and robust security controls aligned with federal compliance standards. Advanced analytics functionalities enable real-time budget tracking, predictive modeling, and anomaly detection while supporting evidence-based resource allocation decisions. The governance framework embedded within the system ensures data quality, consistency, and regulatory compliance through automated workflows and standardized definitions. Strategic alignment with federal modernization initiatives positions an Integrated Maintenance Management System (IMMS) data warehouse as an enabler of digital transformation, facilitating the transition from reactive reporting to proactive intelligence. The implementation addresses technical requirements and organizational change management needs, recognizing that successful data integration demands cultural shifts toward data-driven decision making across the federal workforce.;2025;Sarcouncil Journal of Multidisciplinary;Journal;Surender Kusumba;;
Implementation of Extract, Transform, Load on Data Warehouse and Business Intelligence Using Pentaho and Tableau to Analyse Sales Performance of Olist Store;Business development in the world is increasing with the use of information technology which has an impact on local, national and international business activities, as well as generating big data. Big data that is generated needs to be processed, so that it can be used to analyse sales performance. Olist Store data processing is carried out by implementing the ETL process in the data warehouse using Pentaho and visualizing Business Intelligence on the smart dashboard using Tableau. The data warehouse design method used is a nine-step methodology. The result of this study is Olist Store data warehouse using PostgreSQL database and smart dashboard. The result of the Olist Store sales performance analysis shows that from 2016 to 2017 there was a significant increase, but in 2018 it decreased. Therefore, Olist Store management needs to improve the quality of sales by building new innovations, making promotion methods more attractive and improving the quality of the website to support customers in shopping;2022;International Research Journal of Advanced Engineering and Science;Journal;Tiara Difa Anggrainy, Agustin Rusiana Sari;;
A trajectory data warehouse solution for workforce management decision-making;In modern workforce management, the demand for new ways to maximize worker satisfaction, productivity, and security levels is endless. Workforce movement data such as those source data from an access control system can support this ongoing process with subsequent analysis. In this study, a solution to attaining this goal is proposed, based on the design and implementation of a data mart as part of a dimensional trajectory data warehouse (TDW) that acts as a repository for the management of movement data. A novel methodological approach is proposed for modeling multiple spatial and temporal dimensions in a logical model. The case study presented in this paper for modeling and analyzing workforce movement data is to support human resource management decision-making and the following discussion provides a representative example of the contribution of a TDW in the process of information management and decision support systems. The entire process of exporting, cleaning, consolidating, and transforming data is implemented to achieve an appropriate format for final import. Structured query language (SQL) queries demonstrate the convenience of dimensional design for data analysis, and valuable information can be extracted from the movements of employees on company premises to manage the workforce efficiently and effectively. Visual analytics through data visualization support the analysis and facilitate decision-making and business intelligence.;2023;Data Science and Management;Journal;Georgia Garani, Dimitrios Tolis, Ilias K. Savvas;;
Development of Data Warehouse to Improve Services in IT Services Company;"On time service delivery is one of the ultimate goal of IT services company. The aim of this study is developing data warehouse to help company keeping up the delivery service time is always on target. This study starts with identifying the problem, data collection, literature study, then develop the data warehouse, making analysis with OLAP, build report and dashboard as needed, and at last evaluation of data warehouse already developed. Extract Transform Load process (ETL) transferred data from operational database to data warehouse. OLAP analysis features in data warehouse can help company to analyse information from multidimensional data; report and dashboard build from information in the data warehouse can help sales team to know what best strategy and making decision. As the result, data warehouse that has been built can help sales team deliver the services on time to their customers.";2018;2018 International Conference on Information Management and Technology (ICIMTech);Conference;Fajar Zaki Al Faris, Suharjito, Diana, Ariadi Nugroho;;
Modeling and automatic generation of data warehouse using model-driven transformation in business intelligence process;The work presented in this paper focuses on the modeling and implementation of business intelligence processes, specifically how to apply model-driven architecture (MDA) throughout the entire development process of a data warehouse to automatically generate the multidimensional schema. As a result, this work specifies different rules for automating the process of obtaining an online analytical processing (OLAP) cube and implementing it using a collection of metamodels and automatic transformations. The data warehouse relational and OLAP cube models are then created using a model transformation from the conceptual model (class diagram). Finally, the XML file and SQL code are generated for creating the OLAP cubes and relational data warehouse, respectively. Using transformation languages like queryview-transformation (QVT) and Acceleo, all model transformations are performed.;2023;Indonesian Journal of Electrical Engineering and Computer Science;Journal;Redouane Esbai, Soufiane Hakkou, Mohamed Achraf Habri;;
A Brief IT-Project Risk Assessment Procedure for Business Data Warehouse Development;A properly built risk assessment process could help to significantly reduce the overall level of a project uncertainty, which in turn will have a positive impact on the project outcome. Based on recommendation given in BABOK® Guide, a combined procedure for analysis of risks is built up, which allows performing risk assessment within the framework of the overall risk management process. The main groups of risks classified by their main origin are identified related to a reference IT-project applied in financial sphere. This makes the proposed procedure to be aimed at detailed risk analysis where not only the qualitative but also the quantitative measure of the risks, i.e., their probability and gravity of their consequences can be implemented. The process of risk assessment is chosen for the project consisting in creating and deploying a modern corporate data warehouse in a big Russian private bank. The procedure is extended by decision tree, concisely illustrating risk decomposition, which open the way to highly predictable further risk management process. The short feedback replies given by main stakeholders at the end of first stage are also presented.;2021;Informatics and Cybernetics in Intelligent Systems;Journal;Tatiana Kravchenko, Timofey Shevgunov;;
Modelling of Data Warehouse With Making the Trend to Make Decision in Company XYZ;The goals of the thesis were to modellig a data warehouse which was loaded from the operational database PT. XYZ, to analyze data warehouse with Tableau Software to know the trends of activity Trouble ticket, and to create reports and dashboards to facilitate PT. XYZ in viewing the trends. Data were compiled by observation to PT. XYZ from reporting team. Data were analyzed using software tableau. The results obtained were the trend of activity trouble ticket more than two hundred thousand data in sixteen weeks or four month in 2017. It can be concluded that developed data warehouse can be used to analyze in gaining information about the trends of activity trouble ticket and help to make a decision.;2022;INTERNATIONAL JOURNAL ENGINEERING AND APPLIED TECHNOLOGY (IJEAT);Journal;Dwi Sartika simatupang, Anggun Fergina, Bahadir Ozsut;;
Automated Data Warehouse Optimization Using Machine Learning Algorithms;Optimizing data warehouse performance in today’s data-driven landscape is crucial for timely insights and decision-making. Traditional methods often rely on manual tuning and rule-based configurations, which can be time-consuming and limited in scope. This paper explores an automated approach to data warehouse optimization using machine learning algorithms to enhance query performance, resource allocation, and overall system efficiency. By leveraging machine learning, our proposed solution can predict and preemptively adjust resource requirements based on data load, query patterns, and historical usage trends, allowing for real-time adaptability. Key elements of this approach include predictive analytics for workload management, anomaly detection to identify and resolve performance bottlenecks, and resource scaling based on machine learning-driven forecasts. We use supervised and unsupervised learning algorithms tailored to identify patterns in diverse workloads, automating processes such as indexing, partitioning, and caching, which traditionally require hands-on oversight. Implementing this automated framework reduces operational costs and minimizes latency, making the data warehouse more agile and responsive to business needs. We demonstrate measurable improvements in speed, scalability, and cost efficiency through case studies and simulations. This paper presents a step forward in intelligent data warehousing, showcasing how machine learning can simplify complex optimizations, leading to better performance with minimal manual intervention and providing an adaptable, future-ready solution for data-intensive organizations.;2021;Journal of Computational Innovation;Journal;Guruprasad Nookala;;
Driving U.S. Enterprise Agility: Unifying Finance, HR, and CRM with an Integrated Analytics Data Warehouse;US businesses increasingly need integrated analytical platforms to deal with data fragmentation issues that hinder strategic decision-making in finance, human resources, and customer relationship management segments. The  Analytics Data Warehouse is an exhaustive solution that brings together disparate sources of data, such as Oracle Financials, Workday, SAP SuccessFactors, Oracle Taleo, and Salesforce CRM, onto one reliable platform. This integrated architecture uses multi-tier design principles to divide data ingestion, transformation, storage, and presentation layers for modularity and maintainability. The platform uses cloud-native technologies based on the latest data lake house trends that blend the flexibility of data lakes with the performance characteristics of data warehouses. Organizations that deploy this integrated solution attain abilities for advanced cross-functional analytics, allowing financial analysts to align revenue performance with workforce capacity metrics, human resources executives to drive evidence-based talent interventions, and sales operations organizations to maximize pipeline management via end-to-end customer lifecycle visibility. The security design applies defense-in-depth strategies with several layers of controls across network security, identity management, data security, and audit functions for compliance with regulatory schemes such as Sarbanes-Oxley, Dodd-Frank, and HIPAA. The platform facilitates progressive enhancement as organizations develop more mature analytical capabilities, evolving from operational dashboards to sophisticated machine learning applications predicting employee turnover risk, customer churn probability, and revenue performance trends.;2025;IPHO-Journal of Advance Research in Science And Engineering ;Journal;Surender Kusumba;;
A Review of Implementing AI-powered Data Warehouse Solutions to Optimize Big Data Management and Utilization;This review examines the implementation of AI-powered data warehouse solutions to optimize big data management and utilization, analyzing 25 peer-reviewed articles published over the last decade. As organizations increasingly rely on vast amounts of data for strategic decision-making, traditional data warehousing techniques have struggled to keep pace with the volume, variety, and velocity of modern data. The integration of artificial intelligence (AI) into data warehousing processes has emerged as a critical advancement, enhancing data processing efficiency, accuracy, and scalability. This study synthesizes findings from the literature to highlight key benefits such as automated data extraction, transformation, and loading (ETL) processes, real-time analytics, and improved data quality through advanced cleansing and anomaly detection. Additionally, it identifies significant challenges including data security risks, integration complexities, and the need for specialized skills and substantial investments. The review concludes with recommendations for future research and practical applications, emphasizing the importance of strategic planning and robust security measures to fully leverage AI's potential in revolutionizing data warehousing.;2024;ACADEMIC JOURNAL ON BUSINESS ADMINISTRATION, INNOVATION & SUSTAINABILITY;Journal;Md Kazi Shahab Uddin, Kazi Md Riaz Hossan;;
A Data Warehouse-Based System for Service Customization Recommendations in Product-Service Systems;"Nowadays, manufacturers are shifting from a traditional product-centric business paradigm to a service-centric one by offering products that are accompanied by services, which is known as Product-Service Systems (PSSs). PSS customization entails configuring products with varying degrees of differentiation to meet the needs of various customers. This is combined with service customization, in which configured products are expanded by customers to include smart IoT devices (e.g., sensors) to improve product usage and facilitate the transition to smart connected products. The concept of PSS customization is gaining significant interest; however, there are still numerous challenges that must be addressed when designing and offering customized PSSs, such as choosing the optimum types of sensors to install on products and their adequate locations during the service customization process. In this paper, we propose a data warehouse-based recommender system that collects and analyzes large volumes of product usage data from similar products to the product that the customer needs to customize by adding IoT smart devices. The analysis of these data helps in identifying the most critical parts with the highest number of incidents and the causes of those incidents. As a result, sensor types are determined and recommended to the customer based on the causes of these incidents. The utility and applicability of the proposed RS have been demonstrated through its application in a case study that considers the rotary spindle units of a CNC milling machine.";2022;Sensors ;Journal;Laila Esheiba, Iman M. A. Helal, Amal Elgammal, Mohamed E. El-Sharkawi;;
Research on Creating a Data Warehouse Based on E-Commerce;With the popularization of the internet and the rapid development of science and technology, “online shopping” has become the norm in people's lives, and the e-commerce industry is booming, n addition, it has led to an increase in logistics. in today's business Wars, many companies strive for better development in enterprises of the same type, which continue to improve their information capabilities and level. This paper in order to solve the problems such as the increasing of massive data of e-commerce logistics and the phenomenon of data isolation in various business systems. The overall data warehouse is designed and constructed on the Hadoop cluster environment and data warehouse tool Hive is used to process data. Extraction of data from ETL, Sqoop and Flume tools is used for retrieving business data and log data and other aspects of ETL, we use Scala and Java to easily process and filter data and upload it to HDFS. The data warehouse is divided into levels and subject areas to simplify data management. Under the design of the entire system and data warehouse architecture, the conceptual, logical, and physical models of the data warehouse are developed and the star model is selected as a dimensional model. Finally, the application and implementation of data warehouse based on e-commerce logistics will be demonstrated. The development of a data warehouse based on e-commerce logistics not only ensures that e-commerce companies receive logistics information in a timely manner, but also forces decision makers to adjust logistics strategies in a timely manner based on data information, which can also improve user satisfaction and experience, and reduce costs.;2023;2023 IEEE International Conference on Smart Information Systems and Technologies (SIST);Conference;"Gulzat Turken; Van Pey, Zukhra Abdiakhmetova, Zhanerke Temirbekova";;
Data Warehouse Design for the Bank X with Inmon Approach;Various activities related to financial transactions such as the process of deposit and loan funds require the role of the Bank. Along with a large number of customer needs in current technological developments, the banking industry is undergoing many changes. The products offered by the Bank are becoming more diverse. Customers needs for services offered by banks are becoming increasingly high for example internet banking needs. Banks require high data storage so that the bank's business processes can run efficiently. High data requirements by banks also require ease of exchanging data. One concept that can be applied is Data Warehouse. There are various approaches in developing Data Warehouse, one of which is Inmon. This study aims to build a database design from Bank X Data Warehouse with the Inmon approach. The results of the design of the Data Warehouse Bank X database design consists of three fact tables, namely loan fact, saving fact, and portfolio fact, and two data marts, namely loans and saving.;2020;International Journal of Engineering and Emerging Technology;Journal;Putu Lanang Bagus Suputra Jaya Amertha, Rukmi Sari Hartati, Made Sudarma;;
Computer-aided system for metallurgy production output: From heterogeneous data bases to unified data warehouse;This paper indicates the actuality of creating a single unified data warehouse, which ensures primary data acquisition of metallurgy production output parameters on every step of a technological flow. The authors also propose the structure of an information system that ensures the operation and use of a single data warehouse.;2018;2018 Ural Symposium on Biomedical Engineering, Radioelectronics and Information Technology (USBEREIT);Conference;Sergey Porshnev, Andrey Borodin, Elena Dymova, Olga Ponomareva;;
An empirically-driven clustering framework for NoSQL data warehouse conversion: Optimizing column family design from relational big data using HDBSCAN;Modern businesses increasingly rely on integrating external data sources, particularly Linked Open Data, to improve decision-making processes. Traditional relational data warehouses struggle to handle diverse Big Data sources effectively, creating a need for more flexible storage solutions. This study aims to develop a comprehensive framework for converting traditional relational data warehouses to NoSQL column-oriented systems. We specifically address two major limitations in existing approaches: their focus on only query-relevant columns and the manual requirement for specifying cluster numbers. We implemented and compared five clustering algorithms — Xmeans, DBSCAN, OPTICS, HDBSCAN, and ISODATA — to optimize column family structures during the conversion process. Our framework considers all warehouse attributes rather than just query-specific ones, and automatically determines the optimal number of clusters without manual intervention. We conducted extensive experimental testing to evaluate performance against existing methods, including the CLARANS algorithm. HDBSCAN demonstrated superior performance compared to all other clustering methods tested, including CLARANS which was previously considered the leading approach. The experimental results showed significant improvements in query response times and better adaptation to complex data relationships. Our framework successfully addressed the limitations of previous conversion methods by incorporating comprehensive attribute analysis. The proposed clustering framework offers a more effective solution for relational-to-NoSQL data warehouse conversion. By automatically optimizing cluster configurations and considering all warehouse properties, this approach provides better performance and flexibility compared to existing methodologies, making it particularly valuable for organizations dealing with heterogeneous Big Data sources.;2026;Information and Software Technology;Journal;Mohamed Mouhiha, Abdelfettah Mabrouk;;
Business Demand for a Cloud Enterprise Data Warehouse in Electronic Healthcare Computing;Enterprise modelling enables a comprehensive representation of business activities. It has been extended to include decision processes, thus integrating traditional information systems and systems that support manager decisions. This integration ignores the stand-alone nature of Decision Support Systems, DSS, data warehouse and Business Intelligence, BI, as well as of data lakes and analytical applications. We propose that Decision Enterprise Modelling, DEM and traditional enterprise modelling are two peer-to-peer, cooperating perspectives of an organization. We justify this view by showing that DEM is in accordance with frameworks for enterprise modelling and information systems respectively even as it has its own, specific concepts and models.;2026;Procedia Computer Science;Journal;Naveen Prakash, Deepika Prakash;;
The paradoxes of the reengineering of information flows for management control: A case study in a public university hospital;This study analyses the organisational reengineering processes developed following the adoption of an Enterprise Resource Planning (ERP) system in a public university hospital. Interestingly, a public university hospital was obliged to adhere to a regional ERP system owing to regulatory requirements. This caused the elimination of the pre-existing information flow architecture and the need for further reengineering. The analysis examines a case study in which reengineering information flow is conducted with ERP and business intelligence (BI) systems, highlighting the positive results. Using a data warehouse based on the ERP and BI systems allowed it to transform data into useful information, providing a global and detailed vision of the university hospital’s performance through Key Performance Indicators (KPIs). Indeed, reengineering processes have made it possible to reorganise information flows consistent with the needs of new information systems.;2024;International Journal of Accounting Information Systems;Journal;Adelaide Ippolito, Marco Sorrentino, Luisa Guardato, Raffaele Marcello, Giuseppe Paolone;;
Barriers encountered with clinical data warehouses: Recommendations from a focus group;The increasing implementation and use of electronic health records over the last few decades has made a significant volume of clinical data being available. Over the past 20 years, hospitals have also adopted and implemented data warehouse technology to facilitate the reuse of administrative and clinical data for research. However, the implementation of clinical data warehouses encounters a set of barriers: ethical, legislative, technical, human and organizational. This paper proposes an overview of difficulties and barriers encountered during a clinical data warehouse (CDW) development and implementation project. We conducted a focus group at the 2023 Medical Informatics Europe Conference and invited professionals involved in the implementation of CDW. These experts described their CDW and the difficulties and barriers they encountered at each phase: (i) launching of the data warehouse project, (ii) implementing the data warehouse and (iii) using a data warehouse in routine operations. They were also asked to propose solutions they were able to implement to address the barriers previously reported. After synthesis and consensus, a total of 26 barriers were identified, 10 pertained to tasks, 5 to tools and technologies, 4 to persons, 4 to organization, and 3 to the external environment. To address these challenges, a set of 15 practical recommendations was offered, covering essential aspects such as governance, stakeholder engagement, interdisciplinary collaboration, and external expertise utilization. These recommendations serve as a valuable resource for healthcare institutions seeking to establish and optimize CDWs, offering a roadmap for leveraging clinical data for research, quality enhancement, and improved patient care.;2024;Computer Methods and Programs in Biomedicine;Journal;Antoine Lamer, Benjamin Popoff, Boris Delange, Matthieu Doutreligne, Emmanuel Chazard, Romaric Marcilly, Sonia Priou, Paul Quindroit;;
Enterprise Level Data Warehouse System Based on Hive in Big Data Environment;Hive can store massive data through extended clusters, far exceeding the expansion and storage capabilities of traditional databases, and has become a major tool for building data warehouses in the era of big data. Based on Hive technology, this paper studies the enterprise-level data warehouse architecture composed of data storage layer, Hive data warehouse layer and application layer. Then, the paper studies data warehouse tools, uses HDFS for underlying storage and MapReduce for computing engine, and compares Hive data warehouse with relational database. Then, the ETL process is studied. The data goes through three stages: extraction, conversion and loading, and finally the data flows from the source to the target end. Finally, the system function and test are studied, the subsystems including data processing, data management, data migration and data analysis are constructed, and the core functions are tested. The test results were consistent with the expected results and met the delivery standards.;2024;Procedia Computer Science;Journal;Xiaoyun Fan, Jianfeng Lu;;
Implementing a Biomedical Data Warehouse From Blueprint to Bedside in a Regional French University Hospital Setting: Unveiling Processes, Overcoming Challenges, and Extracting Clinical Insight;Biomedical data warehouses (BDWs) have become an essential tool to facilitate the reuse of health data for both research and decisional applications. Beyond technical issues, the implementation of BDWs requires strong institutional data governance and operational knowledge of the European and national legal framework for the management of research data access and use. In this paper, we describe the compound process of implementation and the contents of a regional university hospital BDW. We present the actions and challenges regarding organizational changes, technical architecture, and shared governance that took place to develop the Nantes BDW. We describe the process to access clinical contents, give details about patient data protection, and use examples to illustrate merging clinical insights. More than 68 million textual documents and 543 million pieces of coded information concerning approximately 1.5 million patients admitted to CHUN between 2002 and 2022 can be queried and transformed to be made available to investigators. Since its creation in 2018, 269 projects have benefited from the Nantes BDW. Access to data is organized according to data use and regulatory requirements. Data use is entirely determined by the scientific question posed. It is the vector of legitimacy of data access for secondary use. Enabling access to a BDW is a game changer for research and all operational situations in need of data. Finally, data governance must prevail over technical issues in institution data strategy vis-à-vis care professionals and patients alike.;2024;JMIR Medical Informatics;Journal;Matilde Karakachoff MSc, Thomas Goronflot MSc, Sandrine Coudol MSc, Delphine Toublant MSc, Adrien Bazoge MSc, PhD, Pacôme Constant Dit Beaufils MD, Emilie Varey MSc, Christophe Leux MD, PhD, Nicolas Mauduit MD, Matthieu Wargny MD, PhD, Pierre-Antoine Gourraud MPH, PhD;;
ETL Maturity Model for Data Warehouse Systems: A CMMI Compliant Framework;The effectiveness of the Business Intelligence (BI) system mainly depends on the quality of knowledge it produces. The decision-making process is hindered, and the user’s trust is lost, if the knowledge offered is undesired or of poor quality. A Data Warehouse (DW) is a huge collection of data gathered from many sources and an important part of any BI solution to assist management in making better decisions. The Extract, Transform, and Load (ETL) process is the backbone of a DW system, and it is responsible for moving data from source systems into the DW system. The more mature the ETL process the more reliable the DW system. In this paper, we propose the ETL Maturity Model (EMM) that assists organizations in achieving a high-quality ETL system and thereby enhancing the quality of knowledge produced. The EMM is made up of five levels of maturity i.e., Chaotic, Acceptable, Stable, Efficient and Reliable. Each level of maturity contains Key Process Areas (KPAs) that have been endorsed by industry experts and include all critical features of a good ETL system. Quality Objectives (QOs) are defined procedures that, when implemented, resulted in a high-quality ETL process. Each KPA has its own set of QOs, the execution of which meets the requirements of that KPA. Multiple brainstorming sessions with relevant industry experts helped to enhance the model. EMM was deployed in two key projects utilizing multiple case studies to supplement the validation process and support our claim. This model can assist organizations in improving their current ETL process and transforming it into a more mature ETL system. This model can also provide high-quality information to assist users in making better decisions and gaining their trust.;2023;Computers, Materials and Continua;Journal;Musawwer Khan, Islam Ali, Shahzada Khurram, Salman Naseer, Shafiq Ahmad, Ahmed T. Soliman, Akber Abid Gardezi, Muhammad Shafiq, Jin-Ghoo Choi;;
A novel metric for assessing structural complexity of data warehouse requirements models;Metrics can be used to evaluate the overall structural complexity of the data warehouse (DW) and assess its quality in the early phases of design and development. The requirements data model plays a crucial role in developing a quality-based DW. Several researchers have assessed the quality of the requirements data model using the requirements metrics based on the agent-goal-decision-information (AGDI) model, both formally and empirically. However, no assessment has been implemented on the structural complexities of the requirements data model based on goal, decision, and information hierarchies. Considering this, the study proposes a novel structural complexity metric to assess the overall complexity of the requirements data model at different phases (information, decision and organisation) and to analyze the links between the different levels of granularity in these models. The proposed metric is formally validated by applying the measurement theory-based Briand’s framework for complexity measure (i.e., one of the five notions of measurements in Software Engineering) by confirming that the proposed metric is valid and defined correctly under certain mathematical properties. As a result, we conclude that the proposed structural complexity metric is accurately defined and effectively valid. We also provide a detailed comparison of various requirements metrics commonly used in similar contexts to contextualize our proposed metric within the broader landscape of existing methodologies. Additionally, we have included comprehensive guidelines and practical examples for applying the proposed structural complexity metric in DW development scenarios to enhance its utility among practitioners. The proposed metric can be utilized to ensure the accuracy of the requirements model, thereby improving the overall quality of DW.;2024;Expert Systems with Applications;Journal;Tanu Singh, Vinod Patidar, Manu Singh;;
Design a Data Warehouse Schema from Document-Oriented database;Traditional data warehouses are unable to meet the growing needs of the modern enterprise to integrate and analyze a wide variety of data generated by social, mobile and sensor sources. What is remarkable is that many companies have changed their data storage in NoSQL databases. Given the important role played by this type of databases, it is necessary to study NoSQL databases as a data source for the modeling and the implementation of data warehouses. This paper proposes a method to design the data warehouse schema from schema free databases known as NoSQL databases. Our proposal starts with the extraction of schemes from document-oriented databases as an example of NoSQL database. This extraction is performed based on the MapReduce paradigm. Then, it defines the structure identification graph from the extracted schemes. This graph will help the designer to identify the multidimensional concepts for each schema extracted in order to design the global data warehouse schema.;2019;Procedia Computer Science;Journal;Senda Bouaziz, Ahlem Nabli, Faiez Gargouri;;
Multi-Temperate Logical Data Warehouse Design for Large-Scale Healthcare Data;Modern hardware architectures and advances in database technology are driving increased adoption of logical data warehouses (LDWs) that complement traditional physical data warehousing (PDW) approaches. In contrast to PDW design methodologies that emphasize physical consolidation of all data of interest on a single (perhaps distributed) computing platform, along with early-binding approaches that pre-materialize transformations and changes to the source data, LDW techniques allow for the integration and transformation of data at run-time and typically physically move or modify much less data in advance. In an environment with premium hardware such as multi-temperate storage, the successful design of LDWs depends on replication of high value data to their physical core to maximize spatial locality. Identifying and collocating high value data is a non-trivial task that has not been adequately explored in the context of LDWs in multi-temperate storage systems. In this paper, we gather queries to construct an OLAP workload for use in supporting and evaluating LDW design algorithms for a large healthcare organization. We introduce new algorithms to address the preprocessing of the workload, identification of data clusters to support OLAP queries, and assignment of clusters to appropriate (hot, warm, and cold) storage tiers, allowing the LDW to deliver results more efficiently by covering a higher percentage of its query workload using the fastest storage devices. Any use case involving copying data from sources to tiered storage targets for analytic querying could benefit from the techniques and solutions presented here.;2021;Big Data Research;Journal;Bryan Martin, Karen C. Davis;;
Implementation of Database Massively Parallel Processing System to Build Scalability on Process Data Warehouse;The problem with telecommunications companies today is that transactional data is more extensive than existing source tables. This makes business reporting less efficient and overwhelms query processing results in data warehouses so that they do not meet business requirements. The fast and complex evolution of the digital world must be scalable to the data warehouse process, so that the authors implement it in the data warehouse using massive parallel processing (MPP) with the Greenplum database, so that business users can get reports faster and more optimally. This case study explains how the MPP system implements and measures the performance of the Greenplum database by performing complex queries in the data warehouse with parallel processing. Therefore, this case study analyzes whether the use of MPP systems can measure the scalability of throughput and the response time in the data warehouse so that system performance in the Greenplum database remains stable for daily, weekly, and monthly operations.;2018;Procedia Computer Science;Journal;Fajar Ciputra Daeng Bani, Suharjito, Diana, Abba Suganda Girsang;;
A non-intrusive and reactive architecture to support real-time ETL processes in data warehousing environments;Nowadays, organizations are very interested to gather data for strategic decision-making. Data are disposable in operational sources, which are distributed, heterogeneous, and autonomous. These data are gathered through ETL processes, which occur traditionally in a pre-defined time, that is, once a day, once a week, once a month or in a specific period of time. On the other hand, there are special applications for which data needs to be obtained in a faster way and sometimes even immediately after the data are generated in the operation data sources, such as health systems and digital agriculture. Thus, the conventional ETL process and the disposable techniques are incapable of making the operational data delivered in real-time, providing low latency, high availability, and scalability. As our proposal, we present an innovative architecture, named Data Magnet, to cope with real-time ETL processes. The experimental tests performed in the digital agriculture domain using real and synthetic data showed that our proposal was able to deal in real-time with the ETL process. The Data Magnet provided great performance, showing an almost constant elapsed time for growing data volumes. Besides, Data Magnet provided significant performance gains over the traditional trigger technique.;2023;Heliyon;Journal;Flávio de Assis Vilela, Valéria Cesário Times, Alberto Carlos de Campos Bernardi, Augusto de Paula Freitas, Ricardo Rodrigues Ciferr;;
Design and Implementation of an Efficient Electronic Bank Management Information System Based Data Warehouse and Data Mining Processing;The quantity of electronic bank data grows exponentially with development of Information Technology (IT). The size of these data is impossible for traditional database and human analyst to come up with interesting information that will help in process of decision making. Management Information System (MIS) based Data warehouse (DW) and Data Mining (DM) techniques support the development of IT and process of management decision-making. But the traditional DW size make the query complex, which may cause unacceptable delay in decision support queries. Thus, in this paper an Efficient Electronic Bank MIS based DW and Mining Processing (EEBMIS-DWMP) was developed with cluster and non-cluster indexed view to provide decision-makers with both best response time and precise information. Also, analysis of the multilayer perception neural network, naïve Bayes, random forest, logistic regression, support vector machine and C5.0 on a real-world data of bank was done to improve effectiveness for campaign by analyzing the most useful features that influence campaign success. Results offer how the proposed EEBMIS-DWMP developed bank organizations by comparing performance of system with and without index view in terms of balance accuracy, accuracy, precision, recall, mean absolute error, root mean square error, F measure and running time. Conclusions from results offers that EEBMIS-DWMP can construct a database for each customer, a storage system that integrates data from a variety of sources into a single unified framework, decrease errors and time required to prepare financial reports, quickly access for information, analysis of data in multivariate, accurate prediction of competent, profitability segmentation.;2022;Information Processing & Management;Journal;Jia Luo, Junping Xu, Obaid Aldosari, Sara A Althubiti, Wejdan Deebani;;
A data warehouse hybrid design framework using domain ontologies for local good-governance assessment;Most local governance assessment tools are entirely or partially based on stakeholders’ surveys, focus groups and benchmarks of different local governments in the world. These tools remain a subjective way of local governance evaluation. To measure the performance of local good-governance using an unbiased assessment technique, the authors have developed a framework to help automate the design process of a data warehouse (DW), which provides local and central decision-makers with factual, measurable and accurate local government data to help assess the performance of local government. The purpose of this paper is to propose the extraction of the DW schema based on a mixed approach that adopts both i* framework for requirements-based representation and domain ontologies for data source representation, to extract the multi-dimensional (MD) elements. The data was collected from various sources and information systems (ISs) deployed in different municipalities. The authors present a framework for the design and implementation of a DW for local good-governance assessment. The extraction of facts and dimensions of the DW’s MD schema is done using a hybrid approach, where the extraction of requirement-based DW schema and source-based DW schema are done in parallel followed by the reconciliation of the obtained schemas to obtain the good-governance assessment DW final design. The authors developed a novel framework to design and implement a DW for local good-governance assessment. The framework enables the extraction of the DW MD schema by using domain ontologies to help capture semantic artifacts and minimize misconceptions and misunderstandings between different stakeholders. The introduction and use of domain ontologies during the design process serves the generalization and automation purpose of the framework. The presently conducted research faced two main limitations as follows: the first is the full automation of the design process of the DW and the second, and most important, is access to local government data as it remains limited because of the lack of digitally stored data in municipalities, especially in developing countries in addition to the difficulty of accessing the data because of regulatory aspects and bureaucracy. The local government environment is among the public administrations most subject to change-adverse cultures and where the authors can face high levels of resistance and significant difficulties during the implementation of decision support systems, despite the commitment/engagement of decision-makers. Access to data sources stored by different ISs might be challenging. While approaching the municipalities for data access, it was done in the framework of a research project within one of the most notorious universities in the country, which gave more credibility and trust to the research team. There is also a need for further testing of the framework to reveal its scalability and performance characteristics. Compared to other local government assessment ad hoc tools that are partially or entirely based on subjectively collected data, the framework provides a basis for automated design of a comprehensive local government DW using e-government domain ontologies for data source representation coupled with the goal, rationale and business process diagrams for user requirements representations, thus enabling the extraction of the final DW MD schema.;2020;Transforming Government: People, Process and Policy;Journal;Houda Chakiri, Mohammed El Mohajir, Nasser Assem;;
An empirical study of data warehouse implementation effectiveness;A data warehouse implementation involves a huge financial undertaking on the part of a business organization. Business organizations maintain an enterprise data warehouse to get access to the most accurate and up-to-date information concerning their business. That information needs to be available at the right time to enable organizations to make strategic business decisions. This article discusses the findings of an empirical study of data warehouse implementation effectiveness. The motivation behind conducting this study was to identify the variables that are influential. In this study eight variables were taken as predictive variables and four as response variables. The findings of the study show that certain variables have a significant influence on the response variables for data warehousing success. IT professionals, academicians and researchers might find these findings beneficial.;2017;International Journal of Management Science and Engineering Management;Journal;Nayem Rahman;;
Design and Implementation of Data Warehouse for a Higher Educational Institute in Sri Lanka;In any organization, the leadership is responsible for taking decisions that will lift the said organization to a better place. The problem-solving abilities of the management are mostly depending on the ability to grasp all the required information in a clean and actionable format. Building a well-designed data warehouse leads to answer that problem. When data sourced from different sourcing systems, it's very important that the aggregated data is relevant and supporting the decision-making by the leadership. This study aims at mitigating the issues that are hindering such organizations to make correct decisions;2021;2021 6th International Conference for Convergence in Technology (I2CT);Conference;C.U. Serasinghe, D.C.R. Jayakody, K.T.M.N. Dayananda, Dinesh Asanka;;
;;;;;;;
;;;;;;;
;;;;;;;
;;;;;;;
;;;;;;;
;;;;;;;
;;;;;;;
;;;;;;;
;;;;;;;
;;;;;;;
;;;;;;;
;;;;;;;
;;;;;;;
;;;;;;;
;;;;;;;
;;;;;;;
;;;;;;;
;;;;;;;
;;;;;;;
;;;;;;;
;;;;;;;
;;;;;;;
;;;;;;;
;;;;;;;
;;;;;;;
;;;;;;;
;;;;;;;
;;;;;;;
;;;;;;;
;;;;;;;
;;;;;;;
;;;;;;;
;;;;;;;
;;;;;;;
;;;;;;;
;;;;;;;
;;;;;;;
;;;;;;;
;;;;;;;
;;;;;;;
;;;;;;;
;;;;;;;
;;;;;;;
;;;;;;;
;;;;;;;
;;;;;;;
;;;;;;;
;;;;;;;
;;;;;;;
;;;;;;;
;;;;;;;
;;;;;;;
;;;;;;;
;;;;;;;
;;;;;;;
;;;;;;;
;;;;;;;
;;;;;;;
;;;;;;;
;;;;;;;
;;;;;;;
;;;;;;;
;;;;;;;
;;;;;;;
;;;;;;;
;;;;;;;
;;;;;;;
;;;;;;;
;;;;;;;
;;;;;;;
;;;;;;;
;;;;;;;
;;;;;;;
;;;;;;;
;;;;;;;
;;;;;;;
;;;;;;;
;;;;;;;
;;;;;;;
;;;;;;;
;;;;;;;
;;;;;;;
;;;;;;;
;;;;;;;
;;;;;;;
;;;;;;;
;;;;;;;
;;;;;;;
;;;;;;;
;;;;;;;
;;;;;;;
;;;;;;;
;;;;;;;
;;;;;;;
;;;;;;;
;;;;;;;
;;;;;;;
;;;;;;;
;;;;;;;
;;;;;;;
;;;;;;;
;;;;;;;
;;;;;;;
;;;;;;;
;;;;;;;
;;;;;;;
;;;;;;;
;;;;;;;
;;;;;;;
;;;;;;;
;;;;;;;
;;;;;;;
;;;;;;;
;;;;;;;
;;;;;;;
;;;;;;;
;;;;;;;
;;;;;;;
;;;;;;;
;;;;;;;
;;;;;;;
;;;;;;;
;;;;;;;
;;;;;;;
;;;;;;;
;;;;;;;
;;;;;;;
;;;;;;;
;;;;;;;
;;;;;;;
;;;;;;;
;;;;;;;
;;;;;;;
;;;;;;;
;;;;;;;
;;;;;;;
;;;;;;;
;;;;;;;
;;;;;;;
;;;;;;;
;;;;;;;
;;;;;;;
;;;;;;;
;;;;;;;
;;;;;;;
;;;;;;;
;;;;;;;
;;;;;;;
;;;;;;;
;;;;;;;
;;;;;;;
;;;;;;;
;;;;;;;
;;;;;;;
;;;;;;;
;;;;;;;
;;;;;;;
;;;;;;;
;;;;;;;
;;;;;;;
;;;;;;;
;;;;;;;
;;;;;;;
;;;;;;;
;;;;;;;
;;;;;;;
;;;;;;;
;;;;;;;
;;;;;;;
;;;;;;;
;;;;;;;
;;;;;;;
;;;;;;;
;;;;;;;
;;;;;;;
;;;;;;;
;;;;;;;
;;;;;;;
;;;;;;;
;;;;;;;
;;;;;;;
;;;;;;;
;;;;;;;
;;;;;;;
;;;;;;;
;;;;;;;
;;;;;;;
;;;;;;;
;;;;;;;
;;;;;;;
;;;;;;;
;;;;;;;
;;;;;;;
;;;;;;;
;;;;;;;
;;;;;;;
;;;;;;;
;;;;;;;
;;;;;;;
;;;;;;;
;;;;;;;
;;;;;;;
;;;;;;;
;;;;;;;
;;;;;;;
;;;;;;;
;;;;;;;
;;;;;;;
;;;;;;;
;;;;;;;
;;;;;;;
;;;;;;;
;;;;;;;
;;;;;;;
;;;;;;;
;;;;;;;
;;;;;;;
;;;;;;;
;;;;;;;
;;;;;;;
;;;;;;;
;;;;;;;
;;;;;;;
;;;;;;;
;;;;;;;
;;;;;;;
;;;;;;;
;;;;;;;
;;;;;;;
;;;;;;;
;;;;;;;
;;;;;;;
;;;;;;;
;;;;;;;
;;;;;;;
;;;;;;;
;;;;;;;
;;;;;;;
;;;;;;;
;;;;;;;
;;;;;;;
;;;;;;;
;;;;;;;
;;;;;;;
;;;;;;;
;;;;;;;
;;;;;;;
;;;;;;;
;;;;;;;
;;;;;;;
;;;;;;;
;;;;;;;
;;;;;;;
;;;;;;;
;;;;;;;
;;;;;;;
;;;;;;;
;;;;;;;
;;;;;;;
;;;;;;;
;;;;;;;
;;;;;;;
;;;;;;;
;;;;;;;
;;;;;;;
;;;;;;;
;;;;;;;
;;;;;;;
;;;;;;;
;;;;;;;
;;;;;;;
;;;;;;;
;;;;;;;
;;;;;;;
;;;;;;;
;;;;;;;
;;;;;;;
;;;;;;;
;;;;;;;
;;;;;;;
;;;;;;;
;;;;;;;
;;;;;;;
;;;;;;;
;;;;;;;
;;;;;;;
;;;;;;;
;;;;;;;
;;;;;;;
;;;;;;;
;;;;;;;
;;;;;;;
;;;;;;;
;;;;;;;
;;;;;;;
;;;;;;;
;;;;;;;
;;;;;;;
;;;;;;;
;;;;;;;
;;;;;;;
;;;;;;;
;;;;;;;
;;;;;;;
;;;;;;;
;;;;;;;
;;;;;;;
;;;;;;;
;;;;;;;
;;;;;;;
;;;;;;;
;;;;;;;
;;;;;;;
;;;;;;;
;;;;;;;
;;;;;;;
;;;;;;;
;;;;;;;
;;;;;;;
;;;;;;;
;;;;;;;
;;;;;;;
;;;;;;;
;;;;;;;
;;;;;;;
;;;;;;;
;;;;;;;
;;;;;;;
;;;;;;;
;;;;;;;
;;;;;;;
;;;;;;;
;;;;;;;
;;;;;;;
;;;;;;;
;;;;;;;
;;;;;;;
;;;;;;;
;;;;;;;
;;;;;;;
;;;;;;;
;;;;;;;
;;;;;;;
;;;;;;;
;;;;;;;
;;;;;;;
;;;;;;;
;;;;;;;
;;;;;;;
;;;;;;;
;;;;;;;
;;;;;;;
;;;;;;;
;;;;;;;
;;;;;;;
;;;;;;;
;;;;;;;
;;;;;;;
;;;;;;;
;;;;;;;
;;;;;;;
;;;;;;;
;;;;;;;
;;;;;;;
;;;;;;;
;;;;;;;
;;;;;;;
;;;;;;;
;;;;;;;
;;;;;;;
;;;;;;;
;;;;;;;
;;;;;;;
;;;;;;;
;;;;;;;
;;;;;;;
;;;;;;;
;;;;;;;
;;;;;;;
;;;;;;;
;;;;;;;
;;;;;;;
;;;;;;;
;;;;;;;
;;;;;;;
;;;;;;;
;;;;;;;
;;;;;;;
;;;;;;;
;;;;;;;
;;;;;;;
;;;;;;;
;;;;;;;
;;;;;;;
;;;;;;;
;;;;;;;
;;;;;;;
;;;;;;;
;;;;;;;
;;;;;;;
;;;;;;;
;;;;;;;
;;;;;;;
;;;;;;;
;;;;;;;
;;;;;;;
;;;;;;;
;;;;;;;
;;;;;;;
;;;;;;;
;;;;;;;
;;;;;;;
;;;;;;;
;;;;;;;
;;;;;;;
;;;;;;;
;;;;;;;
;;;;;;;
;;;;;;;
;;;;;;;
;;;;;;;
;;;;;;;
;;;;;;;
;;;;;;;
;;;;;;;
;;;;;;;
;;;;;;;
;;;;;;;
;;;;;;;
;;;;;;;
;;;;;;;
;;;;;;;
;;;;;;;
;;;;;;;
;;;;;;;
;;;;;;;
;;;;;;;
;;;;;;;
;;;;;;;
;;;;;;;
;;;;;;;
;;;;;;;
;;;;;;;
;;;;;;;
;;;;;;;
;;;;;;;
;;;;;;;
;;;;;;;
;;;;;;;
;;;;;;;
;;;;;;;
;;;;;;;
;;;;;;;
;;;;;;;
;;;;;;;
;;;;;;;
;;;;;;;
;;;;;;;
;;;;;;;
;;;;;;;
;;;;;;;
;;;;;;;
;;;;;;;
;;;;;;;
;;;;;;;
;;;;;;;
;;;;;;;
;;;;;;;
;;;;;;;
;;;;;;;
;;;;;;;
;;;;;;;
;;;;;;;
;;;;;;;
;;;;;;;
;;;;;;;
;;;;;;;
;;;;;;;
;;;;;;;
;;;;;;;
;;;;;;;
;;;;;;;
;;;;;;;
;;;;;;;
;;;;;;;
;;;;;;;
;;;;;;;
;;;;;;;
;;;;;;;
;;;;;;;
;;;;;;;
;;;;;;;
;;;;;;;
;;;;;;;
;;;;;;;
;;;;;;;
;;;;;;;
;;;;;;;
;;;;;;;
;;;;;;;
;;;;;;;
;;;;;;;
;;;;;;;
;;;;;;;
;;;;;;;
;;;;;;;
;;;;;;;
;;;;;;;
;;;;;;;
;;;;;;;
;;;;;;;
;;;;;;;
;;;;;;;
;;;;;;;
;;;;;;;
;;;;;;;
;;;;;;;
;;;;;;;
;;;;;;;
;;;;;;;
;;;;;;;
;;;;;;;
;;;;;;;
;;;;;;;
;;;;;;;
;;;;;;;
;;;;;;;
;;;;;;;
;;;;;;;
;;;;;;;
;;;;;;;
;;;;;;;
;;;;;;;
;;;;;;;
;;;;;;;
;;;;;;;
;;;;;;;
;;;;;;;
;;;;;;;
;;;;;;;
;;;;;;;
;;;;;;;
;;;;;;;
;;;;;;;
;;;;;;;
;;;;;;;
;;;;;;;
;;;;;;;
;;;;;;;
;;;;;;;
;;;;;;;
;;;;;;;
;;;;;;;
;;;;;;;
;;;;;;;
;;;;;;;
;;;;;;;
;;;;;;;
;;;;;;;
;;;;;;;
;;;;;;;
;;;;;;;
;;;;;;;
;;;;;;;
;;;;;;;
;;;;;;;
;;;;;;;
;;;;;;;
;;;;;;;
;;;;;;;
;;;;;;;
;;;;;;;
;;;;;;;
;;;;;;;
;;;;;;;
;;;;;;;
;;;;;;;
;;;;;;;
;;;;;;;
;;;;;;;
;;;;;;;
;;;;;;;
;;;;;;;
;;;;;;;
;;;;;;;
;;;;;;;
;;;;;;;
;;;;;;;
;;;;;;;
;;;;;;;
;;;;;;;
;;;;;;;
;;;;;;;
;;;;;;;
;;;;;;;
;;;;;;;
;;;;;;;
;;;;;;;
;;;;;;;
;;;;;;;
;;;;;;;
;;;;;;;
;;;;;;;
;;;;;;;
;;;;;;;
;;;;;;;
;;;;;;;
;;;;;;;
;;;;;;;
;;;;;;;
;;;;;;;
;;;;;;;
;;;;;;;
;;;;;;;
;;;;;;;
;;;;;;;
;;;;;;;
;;;;;;;
;;;;;;;
;;;;;;;
;;;;;;;
;;;;;;;
;;;;;;;
;;;;;;;
;;;;;;;
;;;;;;;
;;;;;;;
;;;;;;;
;;;;;;;
;;;;;;;
;;;;;;;
;;;;;;;
;;;;;;;
;;;;;;;
;;;;;;;
;;;;;;;
;;;;;;;
;;;;;;;
;;;;;;;
;;;;;;;
;;;;;;;
;;;;;;;
;;;;;;;
;;;;;;;
;;;;;;;
;;;;;;;
;;;;;;;
;;;;;;;
;;;;;;;
;;;;;;;
;;;;;;;
;;;;;;;
;;;;;;;
;;;;;;;
;;;;;;;
;;;;;;;
;;;;;;;
;;;;;;;
;;;;;;;
;;;;;;;
;;;;;;;
;;;;;;;
;;;;;;;
;;;;;;;
;;;;;;;
;;;;;;;
;;;;;;;
;;;;;;;
;;;;;;;
;;;;;;;
;;;;;;;
;;;;;;;
;;;;;;;
;;;;;;;
;;;;;;;
;;;;;;;
;;;;;;;
;;;;;;;
;;;;;;;
;;;;;;;
;;;;;;;
;;;;;;;
;;;;;;;
;;;;;;;
;;;;;;;
;;;;;;;
;;;;;;;
;;;;;;;
;;;;;;;
;;;;;;;
;;;;;;;
;;;;;;;
;;;;;;;
;;;;;;;
;;;;;;;
;;;;;;;
;;;;;;;
;;;;;;;
;;;;;;;
;;;;;;;
;;;;;;;
;;;;;;;
;;;;;;;
;;;;;;;
;;;;;;;
;;;;;;;
;;;;;;;
;;;;;;;
;;;;;;;
;;;;;;;
;;;;;;;
;;;;;;;
;;;;;;;
;;;;;;;
;;;;;;;
;;;;;;;
;;;;;;;
;;;;;;;
;;;;;;;
;;;;;;;
;;;;;;;
;;;;;;;
;;;;;;;
;;;;;;;
;;;;;;;
;;;;;;;
;;;;;;;
;;;;;;;
;;;;;;;
;;;;;;;
;;;;;;;
;;;;;;;
;;;;;;;
;;;;;;;
;;;;;;;
;;;;;;;
;;;;;;;
;;;;;;;
;;;;;;;
;;;;;;;
;;;;;;;
;;;;;;;
;;;;;;;
;;;;;;;
;;;;;;;
;;;;;;;
;;;;;;;
;;;;;;;
;;;;;;;
;;;;;;;
;;;;;;;
;;;;;;;
;;;;;;;
;;;;;;;
;;;;;;;
;;;;;;;
;;;;;;;
;;;;;;;
;;;;;;;
;;;;;;;
;;;;;;;
;;;;;;;
;;;;;;;
;;;;;;;
;;;;;;;
;;;;;;;
;;;;;;;
;;;;;;;
;;;;;;;
;;;;;;;
;;;;;;;
;;;;;;;
;;;;;;;
;;;;;;;
;;;;;;;
;;;;;;;
;;;;;;;
;;;;;;;
;;;;;;;
;;;;;;;
;;;;;;;
;;;;;;;
;;;;;;;
;;;;;;;
;;;;;;;
;;;;;;;
;;;;;;;
;;;;;;;
;;;;;;;
;;;;;;;
;;;;;;;
;;;;;;;
;;;;;;;
;;;;;;;
;;;;;;;
;;;;;;;
;;;;;;;
;;;;;;;
;;;;;;;
;;;;;;;
;;;;;;;
;;;;;;;
;;;;;;;
;;;;;;;
;;;;;;;
;;;;;;;
;;;;;;;
;;;;;;;
;;;;;;;
;;;;;;;
;;;;;;;
;;;;;;;
;;;;;;;
;;;;;;;
;;;;;;;
;;;;;;;
;;;;;;;
;;;;;;;
;;;;;;;
;;;;;;;
;;;;;;;
;;;;;;;
;;;;;;;
;;;;;;;
;;;;;;;
;;;;;;;
;;;;;;;
;;;;;;;
;;;;;;;
;;;;;;;
;;;;;;;
;;;;;;;
;;;;;;;
;;;;;;;
;;;;;;;
;;;;;;;
;;;;;;;
;;;;;;;
;;;;;;;
;;;;;;;
;;;;;;;
;;;;;;;
;;;;;;;
;;;;;;;
;;;;;;;
;;;;;;;
;;;;;;;
;;;;;;;
;;;;;;;
;;;;;;;
;;;;;;;
;;;;;;;
;;;;;;;
;;;;;;;
;;;;;;;
;;;;;;;
;;;;;;;
;;;;;;;
;;;;;;;
;;;;;;;
;;;;;;;
;;;;;;;
;;;;;;;
;;;;;;;
;;;;;;;
;;;;;;;
;;;;;;;
;;;;;;;
;;;;;;;
;;;;;;;
;;;;;;;
;;;;;;;
;;;;;;;
;;;;;;;
;;;;;;;
;;;;;;;
;;;;;;;
;;;;;;;
;;;;;;;
;;;;;;;
;;;;;;;
;;;;;;;
;;;;;;;
;;;;;;;
;;;;;;;
;;;;;;;
;;;;;;;
;;;;;;;
;;;;;;;
;;;;;;;
;;;;;;;
;;;;;;;
;;;;;;;
;;;;;;;
;;;;;;;
;;;;;;;
;;;;;;;
;;;;;;;
;;;;;;;
;;;;;;;
;;;;;;;
;;;;;;;
;;;;;;;
;;;;;;;
;;;;;;;
;;;;;;;
;;;;;;;
;;;;;;;
;;;;;;;
;;;;;;;
;;;;;;;
;;;;;;;
;;;;;;;
;;;;;;;
;;;;;;;
;;;;;;;
;;;;;;;
;;;;;;;
;;;;;;;
;;;;;;;
;;;;;;;
;;;;;;;
;;;;;;;
;;;;;;;
;;;;;;;
;;;;;;;
;;;;;;;
;;;;;;;
;;;;;;;
;;;;;;;
;;;;;;;
;;;;;;;
;;;;;;;
;;;;;;;
;;;;;;;
;;;;;;;
;;;;;;;
;;;;;;;
;;;;;;;
;;;;;;;
;;;;;;;
;;;;;;;
;;;;;;;
;;;;;;;
;;;;;;;
;;;;;;;
;;;;;;;
;;;;;;;
;;;;;;;
